itr,wall,itr_time,loss,bpd,fe,total_time,grad_norm,kinetic_energy,jacobian_norm2
0,8.0396,8.0396,27.9725,27.9725,320.0,10.0000,217.3083,0.0025,0.0000
1,11.5262,3.4866,27.8786,27.8786,320.0,10.0000,216.6482,0.0025,0.0000
2,15.0417,3.5155,27.8683,27.8683,320.0,10.0000,214.5698,0.0025,0.0000
3,18.5631,3.5214,27.8459,27.8459,320.0,10.0000,217.3996,0.0024,0.0000
4,22.0737,3.5106,27.7099,27.7099,320.0,10.0000,216.5949,0.0024,0.0000
5,25.5947,3.5211,27.6106,27.6106,320.0,10.0000,216.5437,0.0024,0.0000
6,29.1151,3.5204,27.5865,27.5865,320.0,10.0000,217.5121,0.0025,0.0000
7,32.6166,3.5015,27.5063,27.5063,320.0,10.0000,214.5149,0.0027,0.0000
8,36.1262,3.5095,27.2990,27.2989,320.0,10.0000,215.5008,0.0029,0.0000
9,39.6420,3.5158,27.1607,27.1606,320.0,10.0000,217.4475,0.0034,0.0000
10,43.1352,3.4933,27.1087,27.1087,320.0,10.0000,218.2083,0.0040,0.0000
11,46.6656,3.5303,26.7237,26.7236,320.0,10.0000,213.2787,0.0048,0.0000
12,50.1573,3.4917,26.4984,26.4984,320.0,10.0000,212.0849,0.0060,0.0000
13,53.6883,3.5310,26.3349,26.3348,320.0,10.0000,213.1401,0.0075,0.0000
14,57.2202,3.5319,26.1184,26.1183,320.0,10.0000,213.6167,0.0095,0.0000
15,60.7736,3.5534,25.7675,25.7674,320.0,10.0000,212.7533,0.0120,0.0000
16,64.3104,3.5368,25.5360,25.5359,320.0,10.0000,210.3733,0.0152,0.0000
17,67.8261,3.5157,25.3549,25.3547,320.0,10.0000,211.7070,0.0191,0.0000
18,71.3357,3.5096,25.0685,25.0683,320.0,10.0000,212.5756,0.0239,0.0000
19,74.8856,3.5499,24.5425,24.5422,320.0,10.0000,207.4547,0.0296,0.0000
20,78.4222,3.5366,24.3196,24.3193,320.0,10.0000,210.0614,0.0366,0.0000
21,81.9796,3.5573,23.8579,23.8574,320.0,10.0000,205.4150,0.0448,0.0000
22,85.5430,3.5635,23.4578,23.4573,320.0,10.0000,210.2901,0.0547,0.0000
23,89.1175,3.5745,23.0070,23.0064,320.0,10.0000,202.6970,0.0662,0.0000
24,92.6651,3.5476,22.6762,22.6754,320.0,10.0000,202.6893,0.0799,0.0000
25,96.2457,3.5806,22.1916,22.1907,320.0,10.0000,201.2079,0.0958,0.0000
26,99.7842,3.5385,21.8375,21.8363,320.0,10.0000,203.6833,0.1145,0.0000
27,103.3234,3.5392,21.3262,21.3249,320.0,10.0000,201.3311,0.1360,0.0000
28,106.8950,3.5716,20.9268,20.9252,320.0,10.0000,193.6766,0.1611,0.0000
29,110.4452,3.5502,20.2653,20.2634,320.0,10.0000,195.7331,0.1898,0.0000
30,114.0184,3.5732,19.8343,19.8320,320.0,10.0000,192.1407,0.2232,0.0000
31,117.5517,3.5333,19.2930,19.2904,320.0,10.0000,187.8829,0.2613,0.0000
32,121.1059,3.5542,18.7822,18.7792,320.0,10.0000,184.7427,0.3052,0.0000
33,124.6687,3.5628,18.1528,18.1492,320.0,10.0000,182.5918,0.3552,0.0000
34,128.2203,3.5516,17.6464,17.6423,320.0,10.0000,177.8548,0.4123,0.0000
35,131.7621,3.5418,17.1335,17.1287,320.0,10.0000,170.1569,0.4769,0.0000
36,135.3208,3.5587,16.5860,16.5805,320.0,10.0000,165.8699,0.5503,0.0000
37,138.9509,3.6302,16.2199,16.2136,320.0,10.0000,155.3732,0.6328,0.0000
38,142.5340,3.5830,15.5865,15.5792,320.0,10.0000,149.5737,0.7246,0.0000
39,146.1213,3.5873,15.1093,15.1010,320.0,10.0000,140.6296,0.8264,0.0000
40,149.7411,3.6198,14.6374,14.6280,320.0,10.0000,133.9883,0.9399,0.0001
41,153.3598,3.6187,14.2092,14.1985,320.0,10.0000,123.1270,1.0617,0.0001
42,156.9869,3.6271,13.6985,13.6866,320.0,10.0000,117.0071,1.1953,0.0001
43,160.6497,3.6628,13.3065,13.2932,320.0,10.0000,108.3244,1.3375,0.0001
44,164.3968,3.7471,13.2380,13.2232,320.0,10.0000,93.1954,1.4822,0.0001
45,168.0262,3.6295,12.7786,12.7622,320.0,10.0000,85.7069,1.6354,0.0002
46,171.6708,3.6446,12.7541,12.7362,320.0,10.0000,74.3578,1.7888,0.0002
47,175.3122,3.6413,12.3174,12.2980,320.0,10.0000,66.7405,1.9425,0.0003
48,179.0362,3.7240,12.0897,12.0687,320.0,10.0000,58.8137,2.0943,0.0003
49,182.6836,3.6474,11.9916,11.9692,320.0,10.0000,52.3289,2.2440,0.0004
50,186.3557,3.6721,11.7424,11.7186,320.0,10.0000,47.8862,2.3883,0.0004
51,190.0669,3.7112,11.6831,11.6578,320.0,10.0000,45.0688,2.5283,0.0005
52,193.8034,3.7365,11.5501,11.5235,320.0,10.0000,43.7213,2.6605,0.0006
53,197.5815,3.7780,11.2579,11.2300,320.0,10.0000,43.0211,2.7840,0.0007
54,201.2119,3.6304,11.0836,11.0546,320.0,10.0000,43.0560,2.8996,0.0008
55,204.8449,3.6330,10.6915,10.6613,320.0,10.0000,41.3383,3.0127,0.0009
56,208.6200,3.7751,10.6821,10.6511,320.0,10.0000,42.2578,3.0948,0.0010
57,212.2713,3.6513,10.6485,10.6169,320.0,10.0000,42.4820,3.1664,0.0012
58,215.9581,3.6868,10.1458,10.1133,320.0,10.0000,38.7254,3.2474,0.0014
59,219.6581,3.7000,10.1614,10.1283,320.0,10.0000,37.5456,3.3040,0.0015
60,223.4028,3.7447,9.9026,9.8692,320.0,10.0000,35.0152,3.3423,0.0016
61,227.1962,3.7933,9.8233,9.7896,320.0,10.0000,32.5477,3.3757,0.0017
62,230.9998,3.8036,9.7200,9.6861,320.0,10.0000,30.2548,3.3889,0.0019
63,234.7434,3.7436,9.3664,9.3320,320.0,10.0000,25.2286,3.4349,0.0021
64,238.4517,3.7083,8.8673,8.8324,320.0,10.0000,20.4375,3.4848,0.0023
65,242.3065,3.8548,9.2611,9.2265,320.0,10.0000,20.8190,3.4574,0.0024
66,246.0060,3.6995,8.7954,8.7604,320.0,10.0000,17.8758,3.5066,0.0026
67,249.8135,3.8075,8.8491,8.8140,320.0,10.0000,17.6719,3.5115,0.0028
68,253.4851,3.6716,8.8460,8.8107,320.0,10.0000,17.8882,3.5320,0.0029
69,257.2005,3.7154,8.5336,8.4977,320.0,10.0000,18.3572,3.5881,0.0032
70,260.8954,3.6949,8.4712,8.4349,320.0,10.0000,19.1899,3.6276,0.0034
71,264.6314,3.7360,8.5620,8.5253,320.0,10.0000,19.6674,3.6639,0.0036
72,268.4638,3.8325,8.4896,8.4522,320.0,10.0000,20.1954,3.7330,0.0039
73,272.1391,3.6752,8.4508,8.4128,320.0,10.0000,20.4172,3.7991,0.0042
74,275.8420,3.7029,8.2643,8.2253,320.0,10.0000,20.6011,3.8936,0.0046
75,279.4966,3.6547,8.2042,8.1643,320.0,10.0000,20.0835,3.9847,0.0049
76,283.2161,3.7195,7.8216,7.7800,320.0,10.0000,20.3718,4.1508,0.0055
77,287.0219,3.8058,7.9659,7.9236,320.0,10.0000,19.1438,4.2234,0.0060
78,290.8188,3.7969,8.0486,8.0053,320.0,10.0000,17.8095,4.3214,0.0063
79,294.5951,3.7763,7.5131,7.4673,320.0,10.0000,17.6480,4.5697,0.0071
80,298.3419,3.7468,7.6200,7.5735,320.0,10.0000,16.3060,4.6425,0.0077
81,302.0571,3.7152,7.4150,7.3665,320.0,10.0000,15.5125,4.8392,0.0085
82,305.7538,3.6967,7.3411,7.2911,320.0,10.0000,14.9234,4.9872,0.0092
83,309.3865,3.6326,7.0984,7.0466,320.0,10.0000,14.4496,5.1782,0.0097
84,313.1284,3.7419,7.0175,6.9640,320.0,10.0000,14.3254,5.3412,0.0105
85,316.9277,3.7993,7.1909,7.1366,320.0,10.0000,15.0920,5.4191,0.0113
86,320.7747,3.8470,7.1554,7.1000,320.0,10.0000,15.5251,5.5302,0.0117
87,324.6142,3.8395,6.8291,6.7715,320.0,10.0000,14.6823,5.7492,0.0129
88,328.4180,3.8037,6.9907,6.9327,320.0,10.0000,15.7221,5.7846,0.0137
89,332.1616,3.7437,6.6168,6.5565,320.0,10.0000,14.2653,6.0208,0.0147
90,335.9726,3.8110,6.5839,6.5229,320.0,10.0000,14.3925,6.0840,0.0157
91,339.7652,3.7926,6.3899,6.3276,320.0,10.0000,13.6994,6.2088,0.0168
92,343.5675,3.8022,6.4513,6.3886,320.0,10.0000,13.7291,6.2534,0.0176
93,347.3593,3.7918,6.5418,6.4789,320.0,10.0000,13.8104,6.2640,0.0180
94,351.1187,3.7594,6.4092,6.3456,320.0,10.0000,13.2880,6.3344,0.0187
95,354.8821,3.7634,6.3880,6.3237,320.0,10.0000,13.1247,6.4136,0.0199
96,358.6482,3.7661,6.4199,6.3556,320.0,10.0000,13.2594,6.4157,0.0207
97,362.3688,3.7206,6.3393,6.2740,320.0,10.0000,13.0136,6.5120,0.0211
98,366.0943,3.7255,6.1641,6.0981,320.0,10.0000,12.8898,6.5743,0.0227
99,369.7639,3.6696,6.0595,5.9923,320.0,10.0000,12.7836,6.6947,0.0238
100,373.4498,3.6859,5.9236,5.8550,320.0,10.0000,12.9024,6.8399,0.0256
101,377.1269,3.6771,6.0442,5.9754,320.0,10.0000,13.0953,6.8537,0.0260
102,380.8566,3.7297,5.8912,5.8213,320.0,10.0000,12.9533,6.9554,0.0283
103,384.6250,3.7684,5.7510,5.6797,320.0,10.0000,12.7510,7.1070,0.0291
104,388.3459,3.7209,5.6206,5.5482,320.0,10.0000,12.6394,7.2170,0.0307
105,392.2089,3.8630,5.6248,5.5509,320.0,10.0000,12.2884,7.3549,0.0332
106,395.9361,3.7272,5.4611,5.3855,320.0,10.0000,12.0760,7.5264,0.0338
107,399.7198,3.7837,5.5440,5.4679,320.0,10.0000,12.0534,7.5747,0.0360
108,403.4952,3.7754,5.5193,5.4421,320.0,10.0000,11.9612,7.6823,0.0378
109,407.2544,3.7592,5.4176,5.3383,320.0,10.0000,11.6174,7.8927,0.0388
110,411.0543,3.7999,5.4711,5.3916,320.0,10.0000,11.8086,7.9163,0.0404
111,414.7900,3.7357,5.4121,5.3313,320.0,10.0000,11.6401,8.0364,0.0431
112,418.4888,3.6988,5.4065,5.3246,320.0,10.0000,11.6953,8.1384,0.0448
113,422.1651,3.6763,5.1883,5.1035,320.0,10.0000,11.1672,8.4317,0.0484
114,425.8527,3.6876,4.9769,4.8897,320.0,10.0000,10.6035,8.6737,0.0517
115,429.6275,3.7748,4.9219,4.8333,320.0,10.0000,10.4915,8.8085,0.0520
116,433.3388,3.7113,5.1976,5.1097,320.0,10.0000,11.1028,8.7375,0.0529
117,437.1153,3.7765,5.1457,5.0568,320.0,10.0000,10.9391,8.8344,0.0566
118,440.8293,3.7140,5.1220,5.0327,320.0,10.0000,10.9436,8.8720,0.0581
119,444.5454,3.7161,5.1048,5.0146,320.0,10.0000,10.8578,8.9595,0.0600
120,448.3415,3.7960,5.0216,4.9294,320.0,10.0000,10.6301,9.1580,0.0632
121,452.2116,3.8701,4.9007,4.8068,320.0,10.0000,10.3192,9.3230,0.0670
122,455.9307,3.7190,4.9448,4.8501,320.0,10.0000,10.3271,9.4051,0.0683
123,459.7191,3.7885,4.7748,4.6778,320.0,10.0000,9.8889,9.6311,0.0730
124,463.4155,3.6964,4.7490,4.6505,320.0,10.0000,9.8607,9.7808,0.0749
125,467.0413,3.6257,4.8276,4.7284,320.0,10.0000,10.0105,9.8465,0.0775
126,470.6851,3.6438,4.6912,4.5902,320.0,10.0000,9.7152,10.0204,0.0783
127,474.3828,3.6977,4.7455,4.6435,320.0,10.0000,9.6591,10.1148,0.0835
128,478.1842,3.8014,4.7322,4.6282,320.0,10.0000,9.5768,10.3146,0.0863
129,481.9521,3.7678,4.7113,4.6059,320.0,10.0000,9.4700,10.4530,0.0890
130,485.6839,3.7319,4.5991,4.4912,320.0,10.0000,9.1878,10.6949,0.0946
131,489.3703,3.6864,4.5378,4.4276,320.0,10.0000,8.9541,10.9319,0.0973
132,493.0743,3.7040,4.5155,4.4037,320.0,10.0000,8.8379,11.0819,0.1026
133,496.7620,3.6877,4.6102,4.4972,320.0,10.0000,8.9517,11.1967,0.1031
134,500.5128,3.7508,4.5039,4.3881,320.0,10.0000,8.7484,11.4716,0.1091
135,504.2613,3.7485,4.5332,4.4168,320.0,10.0000,8.7758,11.5287,0.1123
136,507.9231,3.6619,4.4452,4.3251,320.0,10.0000,8.5039,11.8962,0.1170
137,511.5810,3.6578,4.4638,4.3430,320.0,10.0000,8.5703,11.9527,0.1230
138,515.2868,3.7059,4.4839,4.3628,320.0,10.0000,8.6411,11.9851,0.1217
139,519.0302,3.7433,4.4920,4.3683,320.0,10.0000,8.6674,12.2478,0.1279
140,522.7686,3.7385,4.2669,4.1378,320.0,10.0000,8.1969,12.7747,0.1345
141,526.4661,3.6975,4.2625,4.1327,320.0,10.0000,8.2326,12.8478,0.1364
142,530.2364,3.7703,4.0878,3.9537,320.0,10.0000,8.0181,13.2734,0.1404
143,533.9032,3.6668,4.1891,4.0557,320.0,10.0000,8.3443,13.1940,0.1414
144,537.6505,3.7474,4.1597,4.0245,320.0,10.0000,8.2564,13.3712,0.1479
145,541.4286,3.7781,4.3284,4.1951,320.0,10.0000,8.9320,13.1827,0.1474
146,545.1397,3.7111,4.2342,4.0971,320.0,10.0000,8.7829,13.5545,0.1534
147,548.8374,3.6977,4.1827,4.0447,320.0,10.0000,8.8358,13.6383,0.1568
148,552.5169,3.6795,4.2108,4.0721,320.0,10.0000,9.0412,13.7078,0.1615
149,556.2037,3.6868,4.0721,3.9295,320.0,10.0000,8.9212,14.0972,0.1635
150,560.0516,3.8479,4.0421,3.8986,320.0,10.0000,9.0016,14.1818,0.1702
151,563.7328,3.6812,3.9419,3.7959,320.0,10.0000,8.9234,14.4234,0.1757
152,567.4463,3.7135,4.0231,3.8776,320.0,10.0000,9.3966,14.3708,0.1765
153,571.1660,3.7197,4.0142,3.8686,320.0,10.0000,9.7240,14.3829,0.1765
154,574.9191,3.7532,3.9178,3.7697,320.0,10.0000,9.5483,14.6217,0.1848
155,578.7329,3.8138,3.9616,3.8135,320.0,10.0000,10.0846,14.6122,0.1894
156,582.4323,3.6994,3.9336,3.7849,320.0,10.0000,10.3043,14.6858,0.1895
157,586.1561,3.7238,3.8769,3.7272,320.0,10.0000,10.3253,14.7834,0.1942
158,589.9076,3.7515,3.6989,3.5460,320.0,10.0000,9.8086,15.0947,0.2017
159,593.5610,3.6534,3.7861,3.6343,320.0,10.0000,10.6396,14.9760,0.2043
160,597.2012,3.6402,3.8016,3.6513,320.0,10.0000,10.9987,14.8282,0.2064
161,600.8381,3.6369,3.6236,3.4701,320.0,10.0000,10.4990,15.1383,0.2142
162,604.5369,3.6988,3.6598,3.5075,320.0,10.0000,10.6933,15.0114,0.2201
163,608.2706,3.7337,3.5525,3.3981,320.0,10.0000,10.6884,15.2172,0.2192
164,612.0475,3.7769,3.5614,3.4075,320.0,10.0000,10.9819,15.1719,0.2268
165,615.7993,3.7518,3.5789,3.4273,320.0,10.0000,11.5147,14.9359,0.2281
166,619.5147,3.7154,3.4521,3.2985,320.0,10.0000,10.7721,15.1295,0.2336
167,623.2517,3.7370,3.4838,3.3322,320.0,10.0000,11.3233,14.9199,0.2363
168,627.0129,3.7612,3.3427,3.1896,320.0,10.0000,10.6735,15.0679,0.2394
169,630.7247,3.7117,3.4020,3.2514,320.0,10.0000,11.0604,14.8132,0.2433
170,634.4407,3.7160,3.3092,3.1576,320.0,10.0000,10.7139,14.9070,0.2497
171,638.1475,3.7069,3.2686,3.1176,320.0,10.0000,10.4549,14.8406,0.2576
172,641.8471,3.6996,3.1856,3.0350,320.0,10.0000,10.3121,14.8121,0.2575
173,645.5638,3.7167,3.2071,3.0581,320.0,10.0000,10.5187,14.6377,0.2626
174,649.3423,3.7784,3.1202,2.9716,320.0,10.0000,9.8961,14.5943,0.2666
175,652.9831,3.6409,3.0929,2.9452,320.0,10.0000,9.9611,14.4973,0.2704
176,656.6256,3.6424,3.0181,2.8702,320.0,10.0000,9.6127,14.5132,0.2781
177,660.2391,3.6136,3.0772,2.9338,320.0,10.0000,9.9480,14.0659,0.2733
178,663.9062,3.6670,3.0182,2.8751,320.0,10.0000,9.5241,14.0327,0.2804
179,667.5314,3.6252,2.9726,2.8307,320.0,10.0000,9.1519,13.9062,0.2845
180,671.1431,3.6117,2.9337,2.7926,320.0,10.0000,8.8003,13.8207,0.2887
181,674.8809,3.7378,2.8744,2.7354,320.0,10.0000,8.3568,13.6068,0.2909
182,678.7179,3.8370,2.8620,2.7249,320.0,10.0000,8.2058,13.4100,0.2947
183,682.5053,3.7874,2.8331,2.6968,320.0,10.0000,7.5298,13.3371,0.3002
184,686.3026,3.7973,2.8028,2.6689,320.0,10.0000,7.1614,13.0966,0.2956
185,690.0367,3.7341,2.8124,2.6804,320.0,10.0000,7.0131,12.8874,0.3039
186,693.6821,3.6455,2.7820,2.6517,320.0,10.0000,6.5640,12.7257,0.3024
187,697.3268,3.6447,2.7626,2.6337,320.0,10.0000,6.1473,12.5921,0.3035
188,701.0499,3.7231,2.7218,2.5939,320.0,10.0000,5.7184,12.4799,0.3054
189,704.7760,3.7261,2.7253,2.5997,320.0,10.0000,5.4149,12.2589,0.3020
190,708.5364,3.7604,2.6759,2.5498,320.0,10.0000,4.9287,12.3031,0.3036
191,712.2277,3.6912,2.6568,2.5315,320.0,10.0000,4.6717,12.2244,0.3021
192,715.9698,3.7421,2.6418,2.5170,320.0,10.0000,4.6265,12.1702,0.3079
193,719.7508,3.7810,2.6087,2.4846,320.0,10.0000,4.6033,12.1096,0.2966
194,723.4189,3.6681,2.6270,2.5037,320.0,10.0000,4.7181,12.0334,0.2997
195,727.0617,3.6428,2.5855,2.4631,320.0,10.0000,4.7447,11.9356,0.3016
196,730.8006,3.7388,2.5917,2.4709,320.0,10.0000,4.7487,11.7770,0.3027
197,734.4733,3.6727,2.5681,2.4488,320.0,10.0000,4.7252,11.6250,0.3049
198,738.2122,3.7389,2.5305,2.4121,320.0,10.0000,4.4652,11.5361,0.3025
199,741.9014,3.6892,2.5298,2.4141,320.0,10.0000,4.2938,11.2698,0.3013
200,745.6067,3.7053,2.5013,2.3877,320.0,10.0000,4.1057,11.0583,0.3002
201,749.2922,3.6855,2.5096,2.3991,320.0,10.0000,3.7380,10.7524,0.3021
202,753.0177,3.7256,2.5223,2.4139,320.0,10.0000,3.6073,10.5329,0.3028
203,756.6880,3.6703,2.4897,2.3829,320.0,10.0000,3.4203,10.3811,0.2990
204,760.3890,3.7010,2.5068,2.4019,320.0,10.0000,3.1999,10.1809,0.3049
205,764.0486,3.6596,2.4726,2.3691,320.0,10.0000,3.0506,10.0459,0.3049
206,767.6947,3.6461,2.4708,2.3680,320.0,10.0000,3.0493,9.9680,0.3066
207,771.3907,3.6960,2.4862,2.3850,320.0,10.0000,3.0915,9.8097,0.3059
208,775.1299,3.7391,2.4811,2.3801,320.0,10.0000,3.2573,9.7878,0.3083
209,778.8651,3.7352,2.4617,2.3616,320.0,10.0000,3.1037,9.7091,0.3066
210,782.5417,3.6767,2.4874,2.3885,320.0,10.0000,3.1614,9.5799,0.3059
211,786.2083,3.6666,2.4157,2.3166,320.0,10.0000,3.0389,9.6128,0.3033
212,790.0041,3.7958,2.4376,2.3399,320.0,10.0000,2.9326,9.4671,0.3073
213,793.7476,3.7435,2.4404,2.3437,320.0,10.0000,2.7305,9.3728,0.3005
214,797.4614,3.7138,2.4500,2.3541,320.0,10.0000,2.8133,9.2949,0.3008
215,801.1869,3.7255,2.4426,2.3471,320.0,10.0000,2.6066,9.2445,0.3003
216,804.9225,3.7356,2.3957,2.3000,320.0,10.0000,2.6245,9.2760,0.2987
217,808.6132,3.6907,2.4254,2.3313,320.0,10.0000,2.4431,9.1088,0.3002
218,812.2726,3.6595,2.4009,2.3074,320.0,10.0000,2.1852,9.0554,0.2930
219,815.9523,3.6796,2.4007,2.3078,320.0,10.0000,2.2218,8.9888,0.2973
220,819.6639,3.7116,2.3672,2.2746,320.0,10.0000,2.2972,8.9654,0.2959
221,823.3613,3.6974,2.3970,2.3054,320.0,10.0000,2.3858,8.8619,0.2951
222,827.0415,3.6802,2.3692,2.2776,320.0,10.0000,2.1382,8.8709,0.2952
223,830.7014,3.6599,2.3952,2.3044,320.0,10.0000,2.3253,8.7841,0.2954
224,834.3373,3.6359,2.3711,2.2806,320.0,10.0000,2.2137,8.7593,0.2953
225,838.0094,3.6721,2.3664,2.2763,320.0,10.0000,2.2815,8.7181,0.2908
226,841.7210,3.7116,2.3338,2.2438,320.0,10.0000,1.9422,8.7084,0.2918
227,845.4504,3.7294,2.3932,2.3043,320.0,10.0000,2.0838,8.5875,0.2940
228,849.1994,3.7490,2.3404,2.2513,320.0,10.0000,1.8219,8.6179,0.2915
229,852.9632,3.7638,2.3590,2.2708,320.0,10.0000,1.7997,8.5294,0.2899
230,856.7144,3.7512,2.3525,2.2645,320.0,10.0000,1.7618,8.5020,0.2930
231,860.3926,3.6782,2.3177,2.2298,320.0,10.0000,1.5819,8.4961,0.2923
232,864.0414,3.6489,2.3607,2.2736,320.0,10.0000,1.7738,8.4214,0.2874
233,867.7935,3.7521,2.3396,2.2523,320.0,10.0000,1.8913,8.4401,0.2899
234,871.4765,3.6830,2.3492,2.2623,320.0,10.0000,1.7417,8.3993,0.2895
235,875.1290,3.6525,2.2989,2.2115,320.0,10.0000,1.5988,8.4455,0.2904
236,878.7918,3.6629,2.3571,2.2710,320.0,10.0000,1.5920,8.3130,0.2931
237,882.5309,3.7391,2.3135,2.2275,320.0,10.0000,2.3183,8.3154,0.2869
238,886.2343,3.7034,2.3090,2.2232,320.0,10.0000,1.4891,8.2886,0.2908
239,889.9109,3.6766,2.3341,2.2487,320.0,10.0000,1.5284,8.2453,0.2902
240,893.6483,3.7375,2.2707,2.1851,320.0,10.0000,1.2900,8.2746,0.2909
241,897.4327,3.7843,2.3015,2.2169,320.0,10.0000,1.5324,8.1750,0.2862
242,901.1992,3.7665,2.2883,2.2039,320.0,10.0000,1.6012,8.1580,0.2853
243,904.8657,3.6666,2.3073,2.2234,320.0,10.0000,1.2498,8.1047,0.2900
244,908.5209,3.6551,2.3119,2.2285,320.0,10.0000,1.3676,8.0580,0.2871
245,912.2181,3.6972,2.2982,2.2149,320.0,10.0000,1.3715,8.0482,0.2894
246,915.8578,3.6397,2.2813,2.1981,320.0,10.0000,1.5965,8.0351,0.2842
247,919.5679,3.7101,2.3186,2.2359,320.0,10.0000,1.5968,7.9847,0.2832
248,923.2446,3.6767,2.2991,2.2164,320.0,10.0000,1.3796,7.9801,0.2869
249,926.9544,3.7098,2.2707,2.1881,320.0,10.0000,1.1960,7.9754,0.2851
250,930.6117,3.6573,2.3099,2.2279,320.0,10.0000,1.4039,7.9058,0.2868
251,934.3248,3.7131,2.2993,2.2175,320.0,10.0000,1.1572,7.8927,0.2864
252,938.0946,3.7698,2.3064,2.2250,320.0,10.0000,1.1246,7.8628,0.2842
253,941.8059,3.7113,2.3150,2.2338,320.0,10.0000,1.1530,7.8328,0.2876
254,945.4917,3.6858,2.2645,2.1830,320.0,10.0000,1.5559,7.8606,0.2840
255,949.2285,3.7368,2.2705,2.1892,320.0,10.0000,1.4212,7.8392,0.2845
256,952.9154,3.6869,2.3365,2.2563,320.0,10.0000,1.3691,7.7379,0.2858
257,956.6079,3.6924,2.2679,2.1872,320.0,10.0000,1.0084,7.7919,0.2853
258,960.3225,3.7147,2.3301,2.2504,320.0,10.0000,1.1259,7.6911,0.2841
259,964.0695,3.7470,2.2665,2.1865,320.0,10.0000,1.2332,7.7164,0.2811
260,967.7819,3.7123,2.2448,2.1648,320.0,10.0000,1.2085,7.7224,0.2786
261,971.4457,3.6639,2.2775,2.1979,320.0,10.0000,1.2061,7.6841,0.2811
262,975.0763,3.6305,2.2803,2.2011,320.0,10.0000,0.9589,7.6431,0.2789
263,978.7383,3.6620,2.2852,2.2066,320.0,10.0000,1.5518,7.5799,0.2787
264,982.4301,3.6918,2.2746,2.1961,320.0,10.0000,1.9155,7.5683,0.2777
265,986.1064,3.6764,2.2689,2.1902,320.0,10.0000,0.9628,7.5923,0.2810
266,989.7428,3.6364,2.2585,2.1797,320.0,10.0000,1.1584,7.5998,0.2801
267,993.4605,3.7177,2.2789,2.2010,320.0,10.0000,0.8650,7.5204,0.2774
268,997.1842,3.7236,2.2398,2.1616,320.0,10.0000,2.1324,7.5406,0.2767
269,1000.9382,3.7540,2.2422,2.1641,320.0,10.0000,1.1553,7.5402,0.2742
270,1004.7095,3.7713,2.2535,2.1755,320.0,10.0000,1.6575,7.5217,0.2765
271,1008.4296,3.7201,2.2610,2.1834,320.0,10.0000,0.9823,7.4838,0.2781
272,1012.1073,3.6777,2.2976,2.2208,320.0,10.0000,2.4477,7.4003,0.2749
273,1015.7941,3.6868,2.2433,2.1662,320.0,10.0000,1.9099,7.4398,0.2755
274,1019.5443,3.7502,2.2694,2.1922,320.0,10.0000,1.6626,7.4460,0.2759
275,1023.2253,3.6809,2.2370,2.1599,320.0,10.0000,1.2238,7.4360,0.2752
276,1026.8994,3.6741,2.2642,2.1877,320.0,10.0000,1.6703,7.3740,0.2742
277,1030.5799,3.6806,2.2093,2.1327,320.0,10.0000,2.2768,7.3936,0.2707
278,1034.2751,3.6951,2.2787,2.2023,320.0,10.0000,1.1842,7.3562,0.2772
279,1037.9343,3.6593,2.1971,2.1202,320.0,10.0000,0.8599,7.4225,0.2669
280,1041.5907,3.6563,2.2433,2.1672,320.0,10.0000,0.8802,7.3383,0.2689
281,1045.2897,3.6990,2.2364,2.1606,320.0,10.0000,1.3138,7.3089,0.2679
282,1048.9317,3.6420,2.2385,2.1628,320.0,10.0000,1.1197,7.3011,0.2717
283,1052.5569,3.6252,2.2313,2.1554,320.0,10.0000,0.7709,7.3240,0.2687
284,1056.2270,3.6701,2.2472,2.1718,320.0,10.0000,0.8633,7.2802,0.2674
285,1059.9268,3.6998,2.2645,2.1896,320.0,10.0000,1.0810,7.2200,0.2681
286,1063.6834,3.7566,2.2136,2.1384,320.0,10.0000,2.0527,7.2560,0.2624
287,1067.4616,3.7782,2.2149,2.1393,320.0,10.0000,0.9814,7.2923,0.2679
288,1071.2340,3.7724,2.2205,2.1454,320.0,10.0000,0.8932,7.2513,0.2641
289,1074.9504,3.7165,2.2402,2.1654,320.0,10.0000,1.4086,7.2110,0.2650
290,1078.6860,3.7356,2.2355,2.1607,320.0,10.0000,1.5934,7.2116,0.2671
291,1082.4209,3.7348,2.2473,2.1724,320.0,10.0000,0.8037,7.2238,0.2690
292,1086.1274,3.7066,2.2355,2.1607,320.0,10.0000,0.7630,7.2137,0.2651
293,1089.8249,3.6975,2.2169,2.1422,320.0,10.0000,1.1841,7.2008,0.2631
294,1093.4290,3.6041,2.2359,2.1615,320.0,10.0000,1.4009,7.1711,0.2646
295,1097.0799,3.6508,2.2319,2.1574,320.0,10.0000,0.8598,7.1898,0.2671
296,1100.7409,3.6611,2.2057,2.1311,320.0,10.0000,0.6887,7.1930,0.2622
297,1104.4684,3.7275,2.2160,2.1416,320.0,10.0000,1.3404,7.1778,0.2588
298,1108.2395,3.7711,2.2277,2.1534,320.0,10.0000,0.9395,7.1624,0.2620
299,1111.9756,3.7361,2.2233,2.1491,320.0,10.0000,0.8021,7.1635,0.2610
300,1115.7246,3.7490,2.1940,2.1196,320.0,10.0000,0.9077,7.1859,0.2604
301,1119.3923,3.6676,2.2049,2.1309,320.0,10.0000,1.3799,7.1392,0.2573
302,1123.0992,3.7070,2.2063,2.1321,320.0,10.0000,0.8356,7.1589,0.2601
303,1126.7942,3.6950,2.1869,2.1128,320.0,10.0000,1.0032,7.1501,0.2550
304,1130.4506,3.6564,2.1953,2.1214,320.0,10.0000,0.8671,7.1346,0.2578
305,1134.1263,3.6757,2.1997,2.1259,320.0,10.0000,0.9302,7.1276,0.2561
306,1137.8013,3.6750,2.1968,2.1229,320.0,10.0000,1.0539,7.1331,0.2559
307,1141.4363,3.6349,2.1815,2.1073,320.0,10.0000,0.8574,7.1709,0.2537
308,1145.0827,3.6464,2.1710,2.0969,320.0,10.0000,0.7150,7.1610,0.2486
309,1148.8182,3.7356,2.1721,2.0982,320.0,10.0000,1.3054,7.1410,0.2527
310,1152.5994,3.7812,2.1443,2.0700,320.0,10.0000,1.0091,7.1850,0.2476
311,1156.2948,3.6954,2.1915,2.1176,320.0,10.0000,0.9694,7.1317,0.2536
312,1159.9376,3.6428,2.2076,2.1343,320.0,10.0000,1.5831,7.0893,0.2497
313,1163.6165,3.6789,2.1893,2.1156,320.0,10.0000,1.4593,7.1216,0.2510
314,1167.3138,3.6973,2.1426,2.0682,320.0,10.0000,0.9238,7.1886,0.2512
315,1170.9718,3.6581,2.2077,2.1339,320.0,10.0000,1.0754,7.1237,0.2521
316,1174.6445,3.6727,2.1891,2.1153,320.0,10.0000,1.2597,7.1325,0.2531
317,1178.3593,3.7148,2.1399,2.0656,320.0,10.0000,1.1322,7.1822,0.2446
318,1182.0707,3.7114,2.1246,2.0497,320.0,10.0000,0.7529,7.2380,0.2470
319,1185.7815,3.7107,2.1894,2.1154,320.0,10.0000,0.9157,7.1499,0.2496
320,1189.4615,3.6801,2.1435,2.0692,320.0,10.0000,2.4243,7.1840,0.2454
321,1193.1672,3.7057,2.1462,2.0713,320.0,10.0000,1.5468,7.2373,0.2501
322,1196.8082,3.6409,2.1334,2.0589,320.0,10.0000,1.3955,7.2026,0.2448
323,1200.5756,3.7675,2.1969,2.1228,320.0,10.0000,1.6168,7.1542,0.2531
324,1204.3426,3.7670,2.1646,2.0897,320.0,10.0000,1.0345,7.2422,0.2446
325,1208.0254,3.6828,2.1573,2.0821,320.0,10.0000,0.9428,7.2674,0.2457
326,1211.6939,3.6685,2.1160,2.0409,320.0,10.0000,2.2426,7.2757,0.2402
327,1215.3658,3.6719,2.1205,2.0450,320.0,10.0000,0.8076,7.3102,0.2412
328,1219.1132,3.7474,2.1478,2.0720,320.0,10.0000,0.9883,7.3311,0.2460
329,1222.8001,3.6868,2.1287,2.0535,320.0,10.0000,3.2282,7.2801,0.2436
330,1226.5117,3.7116,2.0909,2.0142,320.0,10.0000,1.7625,7.4244,0.2452
331,1230.2276,3.7158,2.1480,2.0719,320.0,10.0000,1.1937,7.3571,0.2503
332,1233.9190,3.6914,2.0967,2.0205,320.0,10.0000,3.1490,7.3794,0.2438
333,1237.6155,3.6966,2.1033,2.0257,320.0,10.0000,2.5172,7.5104,0.2456
334,1241.3416,3.7261,2.0885,2.0114,320.0,10.0000,2.1416,7.4709,0.2397
335,1245.1208,3.7791,2.1096,2.0325,320.0,10.0000,1.2053,7.4713,0.2444
336,1248.8612,3.7404,2.0887,2.0108,320.0,10.0000,0.9499,7.5417,0.2461
337,1252.5077,3.6465,2.0848,2.0071,320.0,10.0000,2.5049,7.5317,0.2414
338,1256.1645,3.6568,2.1157,2.0371,320.0,10.0000,1.8506,7.6147,0.2486
339,1259.8294,3.6649,2.1171,2.0392,320.0,10.0000,2.4702,7.5398,0.2446
340,1263.4969,3.6675,2.0946,2.0157,320.0,10.0000,0.9162,7.6404,0.2469
341,1267.2184,3.7215,2.1055,2.0265,320.0,10.0000,0.9225,7.6467,0.2482
342,1270.9452,3.7269,2.0791,1.9998,320.0,10.0000,2.3633,7.6918,0.2442
343,1274.6526,3.7073,2.0436,1.9628,320.0,10.0000,2.6677,7.8393,0.2435
344,1278.3247,3.6721,2.0956,2.0165,320.0,10.0000,4.9524,7.6672,0.2446
345,1282.0522,3.7275,2.0600,1.9781,320.0,10.0000,5.6188,7.9306,0.2540
346,1285.7707,3.7185,2.0589,1.9797,320.0,10.0000,10.3998,7.6810,0.2424
347,1289.5669,3.7962,2.0903,2.0055,320.0,10.0000,16.4930,8.2120,0.2671
348,1293.2618,3.6948,2.0754,1.9988,320.0,10.0000,31.1160,7.4337,0.2256
349,1296.9614,3.6996,2.1128,2.0201,320.0,10.0000,35.5241,8.9562,0.3106
350,1300.6216,3.6602,2.0719,1.9904,320.0,10.0000,2.2882,7.8918,0.2511
351,1304.2440,3.6225,2.1421,2.0692,320.0,10.0000,66.4004,7.0787,0.2156
352,1307.9277,3.6836,2.2074,2.1005,320.0,10.0000,47.8655,10.2937,0.3909
353,1311.6992,3.7715,2.2065,2.0970,320.0,10.0000,46.2364,10.5527,0.4028
354,1315.3744,3.6753,2.0500,1.9657,320.0,10.0000,5.2129,8.1621,0.2643
355,1319.0747,3.7003,2.3778,2.3150,320.0,10.0000,180.2190,6.1105,0.1729
356,1322.7818,3.7070,2.2888,2.1679,320.0,10.0000,45.0268,11.6047,0.4935
357,1326.5236,3.7418,2.6014,2.4414,320.0,10.0000,45.4601,15.2601,0.7416
358,1330.2678,3.7442,2.6364,2.4575,320.0,10.0000,41.3747,17.0586,0.8272
359,1333.9360,3.6682,2.5290,2.3505,320.0,10.0000,35.6604,17.0657,0.7806
360,1337.6752,3.7392,2.4016,2.2388,320.0,10.0000,29.1881,15.6083,0.6650
361,1341.3859,3.7107,2.3083,2.1730,320.0,10.0000,22.8102,13.0329,0.4953
362,1344.9890,3.6031,2.3413,2.2405,320.0,10.0000,24.0397,9.7681,0.3117
363,1348.6258,3.6368,2.3624,2.2873,320.0,10.0000,57.4685,7.2845,0.2223
364,1352.2615,3.6357,2.1742,2.1010,320.0,10.0000,41.5905,7.0879,0.2296
365,1355.9304,3.6689,2.1044,2.0193,320.0,10.0000,4.5864,8.1865,0.3218
366,1359.7476,3.8172,2.1155,2.0156,320.0,10.0000,21.3689,9.5708,0.4152
367,1363.4907,3.7431,2.2027,2.0898,320.0,10.0000,28.2005,10.8383,0.4533
368,1367.1911,3.7004,2.2243,2.0993,320.0,10.0000,28.9114,12.0666,0.4366
369,1370.8714,3.6803,2.1596,2.0231,320.0,10.0000,22.2756,13.2780,0.3653
370,1374.6029,3.7315,2.1417,2.0020,320.0,10.0000,16.3916,13.6857,0.2848
371,1378.3016,3.6987,2.1869,2.0579,320.0,10.0000,41.0317,12.6678,0.2291
372,1382.0077,3.7061,2.1521,2.0448,320.0,10.0000,32.9862,10.5016,0.2228
373,1385.6913,3.6836,2.0709,1.9803,320.0,10.0000,6.3455,8.8018,0.2601
374,1389.3910,3.6996,2.0745,1.9887,320.0,10.0000,12.5210,8.2721,0.3002
375,1393.2708,3.8799,2.1290,2.0419,320.0,10.0000,17.9070,8.3849,0.3312
376,1396.9263,3.6554,2.0813,1.9918,320.0,10.0000,18.6757,8.6197,0.3305
377,1400.5616,3.6353,2.1162,2.0296,320.0,10.0000,14.1156,8.3729,0.2946
378,1404.2852,3.7236,2.1266,2.0457,320.0,10.0000,8.3116,7.8289,0.2577
379,1408.0279,3.7427,2.0364,1.9613,320.0,10.0000,10.7753,7.2873,0.2187
380,1411.7478,3.7199,2.1250,2.0547,320.0,10.0000,19.6476,6.8277,0.2042
381,1415.4506,3.7028,2.0539,1.9822,320.0,10.0000,14.9697,6.9526,0.2090
382,1419.1421,3.6915,2.0288,1.9533,320.0,10.0000,4.3600,7.3191,0.2314
383,1422.8105,3.6684,2.0056,1.9255,320.0,10.0000,7.8457,7.7488,0.2634
384,1426.5601,3.7496,1.9977,1.9148,320.0,10.0000,12.0814,8.0093,0.2770
385,1430.3325,3.7724,2.0447,1.9615,320.0,10.0000,10.5676,8.0472,0.2736
386,1434.0475,3.7150,2.0734,1.9907,320.0,10.0000,5.2758,8.0145,0.2610
387,1437.7078,3.6603,2.0212,1.9379,320.0,10.0000,9.1668,8.0902,0.2365
388,1441.3668,3.6589,2.0457,1.9630,320.0,10.0000,15.6857,8.0384,0.2301
389,1444.9914,3.6246,1.9933,1.9101,320.0,10.0000,9.6112,8.0853,0.2352
390,1448.6179,3.6265,1.9961,1.9128,320.0,10.0000,4.1743,8.0642,0.2597
391,1452.2978,3.6799,1.9913,1.9075,320.0,10.0000,8.9516,8.1030,0.2767
392,1456.0612,3.7634,1.9810,1.8977,320.0,10.0000,9.3636,8.0577,0.2707
393,1459.8641,3.8029,2.0108,1.9301,320.0,10.0000,3.9320,7.8065,0.2650
394,1463.6593,3.7953,2.0372,1.9597,320.0,10.0000,5.3770,7.5045,0.2468
395,1467.3579,3.6985,2.0075,1.9311,320.0,10.0000,10.0895,7.4001,0.2333
396,1471.0433,3.6855,2.0382,1.9604,320.0,10.0000,6.1916,7.5279,0.2469
397,1474.7979,3.7546,2.0186,1.9374,320.0,10.0000,3.7871,7.8643,0.2587
398,1478.5179,3.7200,2.0128,1.9299,320.0,10.0000,7.2251,8.0220,0.2659
399,1482.2529,3.7350,2.0087,1.9263,320.0,10.0000,5.4727,7.9719,0.2653
400,1485.9152,3.6623,1.9704,1.8904,320.0,10.0000,1.4988,7.7501,0.2546
401,1489.5763,3.6612,1.9944,1.9164,320.0,10.0000,7.3765,7.5635,0.2422
402,1493.2390,3.6626,1.9916,1.9131,320.0,10.0000,6.9117,7.5948,0.2487
403,1497.0099,3.7709,1.9730,1.8918,320.0,10.0000,2.4039,7.8522,0.2612
404,1500.7721,3.7622,1.9820,1.8995,320.0,10.0000,6.6054,7.9778,0.2671
405,1504.4820,3.7099,1.9746,1.8927,320.0,10.0000,5.0567,7.9348,0.2613
406,1508.1334,3.6514,1.9568,1.8772,320.0,10.0000,3.0901,7.7121,0.2481
407,1511.8712,3.7378,1.9896,1.9115,320.0,10.0000,6.8125,7.5577,0.2468
408,1515.6559,3.7847,1.9947,1.9158,320.0,10.0000,2.9659,7.6373,0.2561
409,1519.3715,3.7157,1.9578,1.8766,320.0,10.0000,3.8164,7.8718,0.2502
410,1523.0532,3.6816,1.9986,1.9172,320.0,10.0000,5.3496,7.8748,0.2570
411,1526.7020,3.6488,2.0168,1.9373,320.0,10.0000,0.9797,7.6916,0.2562
412,1530.4366,3.7346,2.0016,1.9241,320.0,10.0000,5.2663,7.5055,0.2449
413,1534.1463,3.7097,1.9481,1.8700,320.0,10.0000,4.1601,7.5702,0.2394
414,1537.8206,3.6743,1.9213,1.8416,320.0,10.0000,2.0217,7.7308,0.2394
415,1541.5056,3.6850,1.9122,1.8312,320.0,10.0000,4.0450,7.8500,0.2468
416,1545.1650,3.6594,1.9605,1.8809,320.0,10.0000,1.8359,7.7183,0.2409
417,1548.8200,3.6550,1.9620,1.8840,320.0,10.0000,2.6340,7.5638,0.2420
418,1552.5468,3.7268,1.9914,1.9141,320.0,10.0000,4.0835,7.4952,0.2422
419,1556.2280,3.6812,1.9983,1.9196,320.0,10.0000,1.0314,7.6188,0.2553
420,1559.9964,3.7685,1.9668,1.8871,320.0,10.0000,3.8473,7.7174,0.2546
421,1563.8645,3.8681,1.9585,1.8798,320.0,10.0000,0.9576,7.6246,0.2462
422,1567.5207,3.6562,1.9520,1.8743,320.0,10.0000,2.2656,7.5321,0.2467
423,1571.1524,3.6317,1.9434,1.8659,320.0,10.0000,3.0566,7.5057,0.2488
424,1574.7838,3.6313,1.9342,1.8553,320.0,10.0000,1.0618,7.6403,0.2510
425,1578.4278,3.6440,1.9457,1.8662,320.0,10.0000,3.0354,7.6938,0.2546
426,1582.1151,3.6873,1.9520,1.8733,320.0,10.0000,0.8323,7.6104,0.2546
427,1585.8621,3.7471,1.9671,1.8895,320.0,10.0000,2.1710,7.5193,0.2472
428,1589.6356,3.7734,1.9377,1.8600,320.0,10.0000,1.9298,7.5317,0.2447
429,1593.3807,3.7452,1.9749,1.8964,320.0,10.0000,0.8949,7.5958,0.2538
430,1597.1181,3.7374,1.9508,1.8716,320.0,10.0000,2.4022,7.6568,0.2558
431,1600.8339,3.7157,1.9261,1.8476,320.0,10.0000,1.2929,7.6060,0.2522
432,1604.5031,3.6692,1.9572,1.8797,320.0,10.0000,2.1172,7.4909,0.2528
433,1608.1866,3.6835,1.9591,1.8818,320.0,10.0000,2.7518,7.4881,0.2487
434,1611.9374,3.7509,1.9403,1.8616,320.0,10.0000,1.6640,7.6141,0.2572
435,1615.6208,3.6834,1.9780,1.8994,320.0,10.0000,1.1537,7.6098,0.2591
436,1619.3177,3.6969,1.9354,1.8565,320.0,10.0000,1.0019,7.6311,0.2579
437,1623.0665,3.7488,1.9673,1.8894,320.0,10.0000,1.1342,7.5362,0.2599
438,1626.7641,3.6976,2.0021,1.9246,320.0,10.0000,1.4768,7.4873,0.2640
439,1630.4398,3.6757,1.9639,1.8854,320.0,10.0000,0.6537,7.5805,0.2612
440,1634.1585,3.7187,1.9169,1.8377,320.0,10.0000,1.5526,7.6656,0.2543
441,1637.8425,3.6840,1.9353,1.8567,320.0,10.0000,0.9986,7.6015,0.2615
442,1641.5816,3.7391,1.8720,1.7939,320.0,10.0000,1.5360,7.5624,0.2480
443,1645.3340,3.7524,1.9007,1.8225,320.0,10.0000,1.2427,7.5568,0.2537
444,1649.0737,3.7397,1.9190,1.8404,320.0,10.0000,0.5134,7.6058,0.2602
445,1652.7682,3.6945,1.9772,1.8983,320.0,10.0000,1.9422,7.6201,0.2660
446,1656.5356,3.7674,1.9433,1.8648,320.0,10.0000,0.7179,7.5831,0.2647
447,1660.2530,3.7174,1.9609,1.8835,320.0,10.0000,2.5895,7.4781,0.2627
448,1663.9499,3.6969,1.9636,1.8857,320.0,10.0000,0.8227,7.5315,0.2601
449,1667.6426,3.6927,1.9206,1.8418,320.0,10.0000,2.0047,7.6224,0.2655
450,1671.3454,3.7028,1.9297,1.8516,320.0,10.0000,0.7309,7.5489,0.2571
451,1674.9991,3.6537,1.8899,1.8124,320.0,10.0000,2.2759,7.4988,0.2540
452,1678.6803,3.6812,1.9277,1.8497,320.0,10.0000,0.6046,7.5414,0.2602
453,1682.4193,3.7390,1.9422,1.8639,320.0,10.0000,1.8721,7.5614,0.2634
454,1686.1396,3.7203,1.9174,1.8396,320.0,10.0000,0.7646,7.5220,0.2571
455,1689.8584,3.7188,1.9239,1.8463,320.0,10.0000,0.9768,7.4980,0.2614
456,1693.5817,3.7232,1.9317,1.8541,320.0,10.0000,0.8394,7.4977,0.2621
457,1697.2057,3.6241,1.9296,1.8515,320.0,10.0000,0.6625,7.5462,0.2625
458,1700.8608,3.6551,1.8923,1.8141,320.0,10.0000,1.3258,7.5663,0.2609
459,1704.6346,3.7738,1.9201,1.8423,320.0,10.0000,0.8219,7.5076,0.2651
460,1708.2871,3.6524,1.9456,1.8685,320.0,10.0000,1.0548,7.4485,0.2604
461,1711.9355,3.6484,1.9016,1.8240,320.0,10.0000,0.5146,7.5003,0.2639
462,1715.5468,3.6113,1.9477,1.8701,320.0,10.0000,0.8449,7.4923,0.2692
463,1719.2189,3.6722,1.8902,1.8128,320.0,10.0000,0.8282,7.4853,0.2613
464,1722.9422,3.7233,1.9009,1.8240,320.0,10.0000,1.8639,7.4356,0.2595
465,1726.6378,3.6956,1.9313,1.8543,320.0,10.0000,1.0182,7.4395,0.2611
466,1730.4328,3.7950,1.9183,1.8411,320.0,10.0000,0.5567,7.4488,0.2677
467,1734.1687,3.7359,1.9342,1.8573,320.0,10.0000,1.0859,7.4199,0.2655
468,1737.9119,3.7432,1.9113,1.8350,320.0,10.0000,2.1093,7.3706,0.2644
469,1741.6501,3.7382,1.9494,1.8727,320.0,10.0000,0.6338,7.4088,0.2640
470,1745.3619,3.7118,1.9278,1.8506,320.0,10.0000,1.9384,7.4568,0.2664
471,1749.0538,3.6919,1.9247,1.8485,320.0,10.0000,0.5315,7.3594,0.2595
472,1752.7096,3.6558,1.9025,1.8269,320.0,10.0000,3.0622,7.3041,0.2551
473,1756.4349,3.7253,1.9342,1.8576,320.0,10.0000,0.8100,7.4044,0.2635
474,1760.1597,3.7248,1.9280,1.8506,320.0,10.0000,2.6762,7.4600,0.2704
475,1763.8776,3.7179,1.9225,1.8463,320.0,10.0000,0.5125,7.3601,0.2655
476,1767.5717,3.6941,1.8951,1.8198,320.0,10.0000,3.4580,7.2712,0.2582
477,1771.3027,3.7310,1.9633,1.8874,320.0,10.0000,0.6459,7.3153,0.2695
478,1775.1007,3.7979,1.9431,1.8665,320.0,10.0000,1.9215,7.3867,0.2720
479,1778.7972,3.6965,1.9271,1.8513,320.0,10.0000,1.2460,7.3144,0.2630
480,1782.4997,3.7025,1.9119,1.8360,320.0,10.0000,0.6004,7.3275,0.2633
481,1786.1352,3.6355,1.9151,1.8395,320.0,10.0000,0.9522,7.2966,0.2630
482,1789.7916,3.6564,1.9089,1.8330,320.0,10.0000,0.9466,7.3282,0.2632
483,1793.4694,3.6778,1.9079,1.8322,320.0,10.0000,0.7314,7.2971,0.2657
484,1797.2255,3.7561,1.9129,1.8375,320.0,10.0000,0.5003,7.2747,0.2696
485,1800.9215,3.6960,1.9210,1.8457,320.0,10.0000,0.7965,7.2722,0.2659
486,1804.6404,3.7189,1.9146,1.8388,320.0,10.0000,0.9848,7.3141,0.2642
487,1808.3793,3.7388,1.9175,1.8419,320.0,10.0000,0.7285,7.2978,0.2668
488,1812.1110,3.7318,1.8997,1.8245,320.0,10.0000,0.6552,7.2626,0.2631
489,1815.7959,3.6849,1.9348,1.8598,320.0,10.0000,0.5127,7.2361,0.2699
490,1819.4874,3.6915,1.9080,1.8329,320.0,10.0000,0.9877,7.2454,0.2665
491,1823.1266,3.6392,1.9180,1.8425,320.0,10.0000,0.5842,7.2745,0.2727
492,1826.7862,3.6597,1.9098,1.8342,320.0,10.0000,0.6475,7.2914,0.2684
493,1830.5611,3.7748,1.8966,1.8214,320.0,10.0000,0.5001,7.2542,0.2637
494,1834.3012,3.7401,1.9148,1.8402,320.0,10.0000,1.6745,7.2002,0.2655
495,1837.9999,3.6987,1.9037,1.8285,320.0,10.0000,1.4388,7.2534,0.2691
496,1841.6927,3.6928,1.9125,1.8378,320.0,10.0000,0.6078,7.2062,0.2656
497,1845.3817,3.6890,1.9113,1.8368,320.0,10.0000,1.0166,7.1842,0.2675
498,1849.0842,3.7026,1.8726,1.7974,320.0,10.0000,1.4816,7.2569,0.2619
499,1852.8211,3.7368,1.8775,1.8030,320.0,10.0000,0.7226,7.1836,0.2615
500,1856.5443,3.7232,1.8741,1.7998,320.0,10.0000,1.8807,7.1734,0.2595
501,1860.2204,3.6762,1.8944,1.8194,320.0,10.0000,1.9377,7.2356,0.2673
502,1863.8801,3.6597,1.9069,1.8323,320.0,10.0000,1.4183,7.1884,0.2692
503,1867.5671,3.6870,1.8919,1.8187,320.0,10.0000,3.6206,7.0612,0.2595
504,1871.2662,3.6990,1.9146,1.8403,320.0,10.0000,0.4074,7.1615,0.2676
505,1875.0446,3.7784,1.9056,1.8304,320.0,10.0000,3.9802,7.2473,0.2730
506,1878.7466,3.7020,1.8913,1.8180,320.0,10.0000,1.9814,7.0562,0.2654
507,1882.4652,3.7186,1.9110,1.8385,320.0,10.0000,4.7933,6.9913,0.2607
508,1886.1464,3.6812,1.9066,1.8311,320.0,10.0000,5.4572,7.2680,0.2775
509,1889.8364,3.6900,1.9039,1.8298,320.0,10.0000,1.0284,7.1364,0.2694
510,1893.4721,3.6357,1.9314,1.8594,320.0,10.0000,5.7740,6.9327,0.2626
511,1897.1668,3.6948,1.8722,1.7977,320.0,10.0000,2.7641,7.1880,0.2708
512,1900.8539,3.6871,1.8978,1.8231,320.0,10.0000,3.6110,7.1990,0.2709
513,1904.5790,3.7251,1.9127,1.8407,320.0,10.0000,4.8967,6.9404,0.2669
514,1908.2375,3.6586,1.9180,1.8447,320.0,10.0000,0.5826,7.0605,0.2719
515,1911.9908,3.7533,1.9122,1.8375,320.0,10.0000,4.8467,7.1939,0.2801
516,1915.7847,3.7939,1.8668,1.7943,320.0,10.0000,3.7092,6.9914,0.2636
517,1919.4953,3.7106,1.9063,1.8335,320.0,10.0000,2.2108,7.0139,0.2656
518,1923.2235,3.7282,1.8932,1.8184,320.0,10.0000,6.0069,7.2032,0.2816
519,1926.9587,3.7352,1.8965,1.8243,320.0,10.0000,2.9396,6.9581,0.2664
520,1930.6409,3.6823,1.8578,1.7859,320.0,10.0000,4.9556,6.9303,0.2603
521,1934.3812,3.7403,1.8901,1.8152,320.0,10.0000,6.6029,7.2097,0.2778
522,1938.1400,3.7588,1.8735,1.8008,320.0,10.0000,0.4210,7.0037,0.2708
523,1941.8149,3.6749,1.9021,1.8317,320.0,10.0000,9.3313,6.7744,0.2629
524,1945.4400,3.6251,1.8817,1.8065,320.0,10.0000,8.4148,7.2314,0.2831
525,1949.0634,3.6234,1.8903,1.8173,320.0,10.0000,1.4720,7.0233,0.2785
526,1952.7707,3.7073,1.8572,1.7874,320.0,10.0000,10.3785,6.7236,0.2533
527,1956.5310,3.7603,1.9072,1.8328,320.0,10.0000,7.6039,7.1561,0.2816
528,1960.2385,3.7075,1.8676,1.7944,320.0,10.0000,3.3083,7.0536,0.2714
529,1963.9765,3.7380,1.8888,1.8196,320.0,10.0000,10.8459,6.6680,0.2548
530,1967.6563,3.6798,1.8770,1.8028,320.0,10.0000,7.7069,7.1445,0.2772
531,1971.3680,3.7117,1.8484,1.7756,320.0,10.0000,2.7756,7.0043,0.2706
532,1975.2069,3.8388,1.8994,1.8304,320.0,10.0000,11.7628,6.6374,0.2568
533,1978.8946,3.6878,1.8840,1.8092,320.0,10.0000,9.5284,7.1936,0.2873
534,1982.5787,3.6840,1.8794,1.8068,320.0,10.0000,2.9143,6.9809,0.2765
535,1986.2505,3.6719,1.8486,1.7798,320.0,10.0000,13.3286,6.6179,0.2559
536,1989.9127,3.6622,1.8981,1.8231,320.0,10.0000,10.5698,7.2108,0.2938
537,1993.5892,3.6764,1.8561,1.7829,320.0,10.0000,4.4633,7.0323,0.2823
538,1997.3230,3.7338,1.8667,1.7990,320.0,10.0000,17.8984,6.5159,0.2526
539,2001.0711,3.7481,1.8988,1.8223,320.0,10.0000,15.3675,7.3452,0.3073
540,2004.8151,3.7440,1.8286,1.7560,320.0,10.0000,3.7895,6.9885,0.2756
541,2008.5109,3.6958,1.8779,1.8120,320.0,10.0000,26.2601,6.3444,0.2492
542,2012.1421,3.6311,1.8860,1.8055,320.0,10.0000,24.0063,7.7196,0.3301
543,2015.8735,3.7314,1.8724,1.7979,320.0,10.0000,10.3233,7.1535,0.2968
544,2019.5488,3.6753,1.9353,1.8736,320.0,10.0000,48.5979,5.9382,0.2369
545,2023.2348,3.6860,1.9441,1.8567,320.0,10.0000,32.0345,8.3560,0.3818
546,2026.8993,3.6645,1.9208,1.8342,320.0,10.0000,31.1025,8.2885,0.3740
547,2030.5946,3.6953,1.9100,1.8463,320.0,10.0000,30.8258,6.1277,0.2381
548,2034.3321,3.7375,1.8845,1.8185,320.0,10.0000,19.0728,6.3546,0.2451
549,2038.0954,3.7633,1.8869,1.8061,320.0,10.0000,23.8396,7.7429,0.3376
550,2041.8238,3.7285,1.9160,1.8381,320.0,10.0000,19.4394,7.4645,0.3320
551,2045.5515,3.7277,1.8991,1.8345,320.0,10.0000,25.1574,6.2165,0.2437
552,2049.2918,3.7402,1.8883,1.8208,320.0,10.0000,10.9987,6.4893,0.2549
553,2052.9856,3.6939,1.9146,1.8389,320.0,10.0000,15.3718,7.2623,0.3151
554,2056.6814,3.6957,1.8632,1.7882,320.0,10.0000,13.0021,7.1840,0.3083
555,2060.3015,3.6201,1.8692,1.8028,320.0,10.0000,15.0395,6.3925,0.2486
556,2063.9410,3.6395,1.9316,1.8652,320.0,10.0000,13.2129,6.3810,0.2547
557,2067.6405,3.6995,1.8739,1.8000,320.0,10.0000,11.8074,7.0961,0.3005
558,2071.3659,3.7255,1.9327,1.8590,320.0,10.0000,12.2045,7.0650,0.3036
559,2075.1188,3.7528,1.8627,1.7959,320.0,10.0000,8.7397,6.4349,0.2499
560,2078.8667,3.7480,1.8547,1.7895,320.0,10.0000,13.8039,6.2792,0.2471
561,2082.6065,3.7398,1.8812,1.8097,320.0,10.0000,7.4358,6.8635,0.2805
562,2086.3247,3.7182,1.8821,1.8092,320.0,10.0000,10.8423,6.9985,0.2897
563,2089.9815,3.6568,1.8898,1.8224,320.0,10.0000,3.9948,6.4766,0.2612
564,2093.6533,3.6718,1.8813,1.8166,320.0,10.0000,13.2809,6.2328,0.2425
565,2097.3922,3.7389,1.8639,1.7934,320.0,10.0000,6.1398,6.7713,0.2758
566,2101.1710,3.7788,1.8631,1.7913,320.0,10.0000,9.4256,6.9029,0.2853
567,2104.8630,3.6920,1.8839,1.8171,320.0,10.0000,5.8546,6.4160,0.2611
568,2108.5267,3.6636,1.8543,1.7883,320.0,10.0000,8.4294,6.3495,0.2487
569,2112.2780,3.7514,1.8581,1.7876,320.0,10.0000,6.1379,6.7738,0.2761
570,2116.0400,3.7620,1.8615,1.7910,320.0,10.0000,4.7981,6.7671,0.2794
571,2119.7649,3.7250,1.8647,1.7977,320.0,10.0000,5.4716,6.4357,0.2600
572,2123.4608,3.6958,1.8971,1.8297,320.0,10.0000,4.4421,6.4754,0.2634
573,2127.2075,3.7467,1.8622,1.7912,320.0,10.0000,6.8187,6.8186,0.2831
574,2130.9714,3.7639,1.8776,1.8085,320.0,10.0000,1.4037,6.6381,0.2767
575,2134.6034,3.6320,1.8570,1.7908,320.0,10.0000,9.0821,6.3638,0.2621
576,2138.2394,3.6360,1.8675,1.7975,320.0,10.0000,4.3341,6.7268,0.2776
577,2141.8819,3.6425,1.8269,1.7565,320.0,10.0000,5.1733,6.7620,0.2768
578,2145.6188,3.7368,1.8953,1.8288,320.0,10.0000,6.6314,6.3824,0.2620
579,2149.2914,3.6726,1.8283,1.7603,320.0,10.0000,2.3853,6.5345,0.2650
580,2152.9759,3.6845,1.8643,1.7936,320.0,10.0000,7.4565,6.7856,0.2894
581,2156.7513,3.7754,1.8619,1.7944,320.0,10.0000,2.4802,6.4818,0.2700
582,2160.4423,3.6911,1.8609,1.7949,320.0,10.0000,7.3635,6.3470,0.2590
583,2164.0801,3.6378,1.8561,1.7859,320.0,10.0000,6.9292,6.7386,0.2806
584,2167.7081,3.6279,1.8749,1.8062,320.0,10.0000,3.7130,6.5862,0.2788
585,2171.3503,3.6423,1.8921,1.8280,320.0,10.0000,12.2782,6.1540,0.2542
586,2174.9718,3.6214,1.8501,1.7804,320.0,10.0000,6.4265,6.6944,0.2801
587,2178.6274,3.6557,1.8432,1.7736,320.0,10.0000,6.7472,6.6844,0.2731
588,2182.2788,3.6513,1.8569,1.7928,320.0,10.0000,12.5920,6.1615,0.2481
589,2186.0226,3.7438,1.8769,1.8079,320.0,10.0000,5.5909,6.6305,0.2742
590,2189.7342,3.7116,1.8600,1.7907,320.0,10.0000,5.5997,6.6428,0.2800
591,2193.4172,3.6830,1.8820,1.8172,320.0,10.0000,9.4163,6.2239,0.2562
592,2197.1507,3.7335,1.8608,1.7927,320.0,10.0000,1.6383,6.5288,0.2744
593,2200.8558,3.7051,1.8517,1.7819,320.0,10.0000,6.6448,6.6909,0.2888
594,2204.5113,3.6556,1.8695,1.8041,320.0,10.0000,8.1516,6.2689,0.2636
595,2208.2299,3.7186,1.8562,1.7884,320.0,10.0000,0.5260,6.4983,0.2762
596,2212.0149,3.7849,1.8601,1.7907,320.0,10.0000,5.3781,6.6585,0.2882
597,2215.7527,3.7378,1.8561,1.7901,320.0,10.0000,5.4687,6.3370,0.2665
598,2219.4412,3.6885,1.8725,1.8051,320.0,10.0000,0.4485,6.4608,0.2790
599,2223.1373,3.6961,1.8648,1.7966,320.0,10.0000,3.5654,6.5392,0.2807
600,2226.8337,3.6965,1.8329,1.7669,320.0,10.0000,3.5975,6.3417,0.2651
601,2230.6004,3.7667,1.8585,1.7915,320.0,10.0000,0.4752,6.4321,0.2741
602,2234.2763,3.6759,1.8509,1.7828,320.0,10.0000,3.5887,6.5322,0.2725
603,2237.9510,3.6746,1.8373,1.7716,320.0,10.0000,5.3849,6.3110,0.2666
604,2241.6629,3.7120,1.8499,1.7815,320.0,10.0000,4.4466,6.5576,0.2828
605,2245.3742,3.7113,1.8517,1.7850,320.0,10.0000,2.5969,6.3916,0.2736
606,2249.0692,3.6951,1.8483,1.7811,320.0,10.0000,1.1654,6.4451,0.2786
607,2252.7379,3.6687,1.8399,1.7732,320.0,10.0000,1.1421,6.4020,0.2746
608,2256.5085,3.7706,1.8333,1.7661,320.0,10.0000,0.7549,6.4423,0.2762
609,2260.2122,3.7037,1.8306,1.7626,320.0,10.0000,2.5744,6.5157,0.2843
610,2263.8605,3.6483,1.8063,1.7402,320.0,10.0000,4.0853,6.3364,0.2735
611,2267.5508,3.6903,1.8608,1.7927,320.0,10.0000,4.0006,6.5174,0.2926
612,2271.1988,3.6480,1.8724,1.8066,320.0,10.0000,3.8249,6.3098,0.2775
613,2274.9032,3.7044,1.8553,1.7879,320.0,10.0000,2.7597,6.4527,0.2864
614,2278.6216,3.7185,1.8228,1.7568,320.0,10.0000,1.8891,6.3271,0.2735
615,2282.3120,3.6904,1.8743,1.8080,320.0,10.0000,1.7910,6.3418,0.2831
616,2285.9680,3.6560,1.8637,1.7955,320.0,10.0000,6.3243,6.5261,0.2923
617,2289.6281,3.6602,1.8264,1.7631,320.0,10.0000,12.7088,6.0752,0.2586
618,2293.4229,3.7948,1.8225,1.7503,320.0,10.0000,16.5185,6.9184,0.3090
619,2297.0711,3.6481,1.8738,1.8107,320.0,10.0000,13.4748,6.0390,0.2698
620,2300.7675,3.6964,1.8300,1.7612,320.0,10.0000,8.4394,6.5889,0.2917
621,2304.4849,3.7174,1.8357,1.7707,320.0,10.0000,2.9840,6.2344,0.2714
622,2308.1574,3.6725,1.8249,1.7601,320.0,10.0000,5.7759,6.2013,0.2777
623,2311.8448,3.6873,1.8923,1.8226,320.0,10.0000,12.1012,6.6553,0.3102
624,2315.5244,3.6796,1.8750,1.8129,320.0,10.0000,17.2068,5.9484,0.2626
625,2319.2111,3.6867,1.8735,1.8008,320.0,10.0000,18.3805,6.9370,0.3300
626,2322.8706,3.6594,1.8183,1.7549,320.0,10.0000,9.9535,6.0738,0.2678
627,2326.5818,3.7112,1.8257,1.7604,320.0,10.0000,2.2898,6.2439,0.2818
628,2330.3246,3.7428,1.8512,1.7821,320.0,10.0000,10.7631,6.6063,0.3018
629,2334.0418,3.7172,1.8452,1.7836,320.0,10.0000,18.4984,5.8974,0.2655
630,2337.7523,3.7105,1.8242,1.7504,320.0,10.0000,21.3180,7.0373,0.3389
631,2341.5039,3.7516,1.8531,1.7904,320.0,10.0000,11.3899,5.9922,0.2726
632,2345.1956,3.6917,1.8179,1.7534,320.0,10.0000,4.3485,6.1771,0.2776
633,2348.8350,3.6393,1.8337,1.7634,320.0,10.0000,14.3671,6.7056,0.3218
634,2352.5199,3.6849,1.8207,1.7599,320.0,10.0000,20.2995,5.8151,0.2614
635,2356.2570,3.7371,1.8528,1.7800,320.0,10.0000,19.7779,6.9434,0.3393
636,2359.9575,3.7005,1.8152,1.7514,320.0,10.0000,4.3125,6.1044,0.2761
637,2363.5964,3.6389,1.8373,1.7771,320.0,10.0000,20.9007,5.7732,0.2537
638,2367.1804,3.5840,1.9036,1.8256,320.0,10.0000,27.3281,7.4092,0.3888
639,2370.8242,3.6438,1.8542,1.7875,320.0,10.0000,6.2702,6.3714,0.2989
640,2374.5343,3.7101,1.9771,1.9243,320.0,10.0000,77.5581,5.0463,0.2248
641,2378.3220,3.7877,2.2420,2.1293,320.0,10.0000,36.3003,10.4921,0.7809
642,2381.9748,3.6528,2.3919,2.2562,320.0,10.0000,34.0136,12.5742,1.0021
643,2385.6210,3.6462,2.2413,2.1175,320.0,10.0000,32.5286,11.4967,0.8897
644,2389.3440,3.7230,2.0236,1.9349,320.0,10.0000,23.7303,8.3445,0.5270
645,2393.0651,3.7211,2.0563,1.9981,320.0,10.0000,42.7239,5.6107,0.2058
646,2396.7514,3.6863,2.0142,1.9502,320.0,10.0000,36.6471,6.1934,0.2017
647,2400.3626,3.6112,1.9311,1.8480,320.0,10.0000,8.8772,7.9590,0.3456
648,2404.0022,3.6396,2.0101,1.9163,320.0,10.0000,16.9148,8.8917,0.4971
649,2407.6470,3.6449,2.0676,1.9715,320.0,10.0000,17.3790,9.0723,0.5374
650,2411.2690,3.6220,2.0236,1.9320,320.0,10.0000,13.5076,8.6940,0.4610
651,2414.9344,3.6653,1.9463,1.8640,320.0,10.0000,5.6200,7.8843,0.3415
652,2418.6124,3.6780,1.9377,1.8660,320.0,10.0000,15.2818,6.9077,0.2640
653,2422.3329,3.7205,1.9826,1.9175,320.0,10.0000,24.1135,6.2626,0.2444
654,2426.1226,3.7898,1.9245,1.8600,320.0,10.0000,12.0752,6.1829,0.2649
655,2429.9460,3.8233,1.8694,1.7992,320.0,10.0000,4.8077,6.6977,0.3231
656,2433.7039,3.7579,1.9231,1.8464,320.0,10.0000,12.8665,7.2792,0.3873
657,2437.4204,3.7165,1.9450,1.8661,320.0,10.0000,14.8410,7.4787,0.4021
658,2441.1923,3.7719,1.8915,1.8168,320.0,10.0000,12.4696,7.1046,0.3588
659,2444.8243,3.6320,1.8530,1.7864,320.0,10.0000,4.1457,6.3730,0.2922
660,2448.4320,3.6077,1.8757,1.8157,320.0,10.0000,11.1662,5.7490,0.2435
661,2452.0951,3.6631,1.8863,1.8277,320.0,10.0000,18.3015,5.6296,0.2349
662,2455.8085,3.7134,1.9133,1.8528,320.0,10.0000,10.6871,5.7842,0.2645
663,2459.5023,3.6938,1.8454,1.7780,320.0,10.0000,3.9896,6.4270,0.3133
664,2463.2619,3.7596,1.8231,1.7494,320.0,10.0000,11.4943,7.0170,0.3513
665,2466.9967,3.7348,1.8811,1.8083,320.0,10.0000,10.0077,6.9216,0.3496
666,2470.7399,3.7432,1.8285,1.7630,320.0,10.0000,1.5428,6.2514,0.3005
667,2474.4452,3.7053,1.8693,1.8095,320.0,10.0000,12.1044,5.7160,0.2617
668,2478.1227,3.6776,1.8653,1.8054,320.0,10.0000,11.5858,5.7279,0.2601
669,2481.7948,3.6720,1.8264,1.7611,320.0,10.0000,0.9994,6.2492,0.2847
670,2485.5113,3.7166,1.8585,1.7869,320.0,10.0000,8.8221,6.8388,0.3264
671,2489.2491,3.7378,1.8631,1.7915,320.0,10.0000,9.3703,6.8414,0.3248
672,2493.0005,3.7514,1.8551,1.7891,320.0,10.0000,2.6194,6.3086,0.2856
673,2496.6664,3.6659,1.8534,1.7928,320.0,10.0000,7.7113,5.8066,0.2493
674,2500.2898,3.6234,1.8504,1.7906,320.0,10.0000,9.2570,5.7446,0.2413
675,2504.0013,3.7115,1.8593,1.7951,320.0,10.0000,1.1712,6.1452,0.2747
676,2507.8058,3.8045,1.8076,1.7386,320.0,10.0000,6.9860,6.5954,0.3046
677,2511.4786,3.6728,1.8603,1.7914,320.0,10.0000,7.0909,6.5841,0.3079
678,2515.1614,3.6827,1.8787,1.8148,320.0,10.0000,1.3398,6.1148,0.2790
679,2518.7875,3.6261,1.7811,1.7210,320.0,10.0000,7.7474,5.7571,0.2521
680,2522.4507,3.6632,1.8614,1.8003,320.0,10.0000,6.2290,5.8452,0.2690
681,2526.2112,3.7605,1.8093,1.7430,320.0,10.0000,3.2261,6.3303,0.2978
682,2529.9073,3.6961,1.8194,1.7508,320.0,10.0000,6.4571,6.5515,0.3096
683,2533.6708,3.7635,1.7987,1.7330,320.0,10.0000,2.0051,6.2753,0.2922
684,2537.3648,3.6940,1.7776,1.7161,320.0,10.0000,4.7063,5.8978,0.2606
685,2541.0077,3.6429,1.8330,1.7717,320.0,10.0000,5.9376,5.8573,0.2670
686,2544.6868,3.6792,1.8569,1.7924,320.0,10.0000,0.9617,6.1585,0.2881
687,2548.3522,3.6653,1.8109,1.7435,320.0,10.0000,4.5681,6.4350,0.3052
688,2552.0090,3.6569,1.8362,1.7701,320.0,10.0000,2.7605,6.3111,0.3012
689,2555.7235,3.7145,1.7858,1.7230,320.0,10.0000,3.3150,5.9982,0.2815
690,2559.4152,3.6917,1.7951,1.7334,320.0,10.0000,5.3744,5.8918,0.2782
691,2563.1592,3.7440,1.7893,1.7246,320.0,10.0000,0.9399,6.1656,0.3006
692,2566.9978,3.8386,1.7836,1.7161,320.0,10.0000,4.0712,6.4359,0.3126
693,2570.6202,3.6224,1.8130,1.7474,320.0,10.0000,1.1334,6.2637,0.3041
694,2574.3007,3.6804,1.8433,1.7807,320.0,10.0000,4.7299,5.9755,0.2862
695,2577.9349,3.6342,1.8114,1.7476,320.0,10.0000,2.0657,6.0883,0.2910
696,2581.5911,3.6562,1.8437,1.7773,320.0,10.0000,3.2486,6.3374,0.3093
697,2585.2956,3.7045,1.8320,1.7657,320.0,10.0000,2.2819,6.3181,0.3094
698,2589.1223,3.8268,1.8193,1.7556,320.0,10.0000,2.8109,6.0761,0.2947
699,2592.8338,3.7115,1.8225,1.7583,320.0,10.0000,2.1631,6.1111,0.3020
700,2596.5485,3.7146,1.7953,1.7288,320.0,10.0000,1.9077,6.3243,0.3171
701,2600.2885,3.7400,1.8149,1.7485,320.0,10.0000,2.4997,6.3228,0.3151
702,2604.0234,3.7349,1.8081,1.7442,320.0,10.0000,3.5603,6.0915,0.3013
703,2607.6906,3.6672,1.7930,1.7280,320.0,10.0000,0.5962,6.1874,0.3135
704,2611.4061,3.7155,1.8076,1.7415,320.0,10.0000,2.2361,6.2876,0.3222
705,2615.1143,3.7082,1.7950,1.7304,320.0,10.0000,0.6312,6.1475,0.3117
706,2618.7534,3.6391,1.7804,1.7168,320.0,10.0000,3.2411,6.0630,0.3042
707,2622.4728,3.7194,1.8096,1.7435,320.0,10.0000,2.3613,6.2914,0.3252
708,2626.1354,3.6626,1.8173,1.7519,320.0,10.0000,1.3541,6.2216,0.3272
709,2629.7245,3.5891,1.7915,1.7280,320.0,10.0000,3.2409,6.0340,0.3121
710,2633.3759,3.6514,1.8274,1.7630,320.0,10.0000,0.9403,6.1240,0.3216
711,2637.1128,3.7369,1.8486,1.7823,320.0,10.0000,3.1750,6.2867,0.3427
712,2640.8706,3.7578,1.8174,1.7542,320.0,10.0000,2.8458,6.0103,0.3130
713,2644.6476,3.7770,1.7753,1.7113,320.0,10.0000,0.8401,6.0808,0.3119
714,2648.3769,3.7293,1.7511,1.6858,320.0,10.0000,2.1118,6.1889,0.3320
715,2652.0330,3.6560,1.7407,1.6766,320.0,10.0000,0.5761,6.0885,0.3227
716,2655.7163,3.6833,1.7899,1.7265,320.0,10.0000,2.0700,6.0244,0.3198
717,2659.5148,3.7985,1.7905,1.7251,320.0,10.0000,2.6881,6.2031,0.3366
718,2663.2346,3.7198,1.8228,1.7591,320.0,10.0000,1.8912,6.0346,0.3304
719,2666.9123,3.6778,1.8181,1.7540,320.0,10.0000,1.3703,6.0704,0.3361
720,2670.5907,3.6783,1.7921,1.7266,320.0,10.0000,2.5985,6.2069,0.3470
721,2674.2811,3.6904,1.7883,1.7251,320.0,10.0000,3.3944,5.9873,0.3320
722,2677.9171,3.6360,1.7794,1.7142,320.0,10.0000,1.6712,6.1645,0.3472
723,2681.6068,3.6898,1.7720,1.7075,320.0,10.0000,0.5731,6.1134,0.3444
724,2685.3889,3.7820,1.7549,1.6907,320.0,10.0000,0.9451,6.0784,0.3416
725,2689.2353,3.8464,1.7776,1.7130,320.0,10.0000,1.3301,6.1164,0.3491
726,2692.8990,3.6637,1.7829,1.7195,320.0,10.0000,1.7433,5.9910,0.3456
727,2696.4764,3.5775,1.7981,1.7337,320.0,10.0000,1.6872,6.0855,0.3571
728,2700.1191,3.6427,1.7685,1.7054,320.0,10.0000,1.4795,5.9650,0.3420
729,2703.7857,3.6665,1.7998,1.7355,320.0,10.0000,1.2488,6.0666,0.3604
730,2707.4130,3.6273,1.7744,1.7107,320.0,10.0000,0.7646,6.0135,0.3567
731,2711.0725,3.6595,1.7527,1.6891,320.0,10.0000,0.9932,6.0037,0.3513
732,2714.7114,3.6388,1.7794,1.7151,320.0,10.0000,1.4175,6.0631,0.3694
733,2718.4305,3.7191,1.7893,1.7267,320.0,10.0000,2.3363,5.9095,0.3529
734,2722.1730,3.7425,1.7620,1.6974,320.0,10.0000,2.1076,6.0885,0.3721
735,2725.9697,3.7968,1.7996,1.7361,320.0,10.0000,0.8852,5.9814,0.3715
736,2729.7246,3.7549,1.7556,1.6921,320.0,10.0000,1.6394,5.9747,0.3692
737,2733.4091,3.6845,1.7931,1.7275,320.0,10.0000,3.4651,6.1564,0.3986
738,2737.0925,3.6834,1.8292,1.7680,320.0,10.0000,7.6569,5.7620,0.3582
739,2740.7561,3.6636,1.7964,1.7273,320.0,10.0000,10.9392,6.4835,0.4247
740,2744.4637,3.7076,1.7502,1.6915,320.0,10.0000,15.4882,5.5375,0.3284
741,2748.1749,3.7112,1.7902,1.7155,320.0,10.0000,19.2403,6.9854,0.4835
742,2751.9454,3.7705,1.7145,1.6564,320.0,10.0000,14.5317,5.4937,0.3174
743,2755.6694,3.7240,1.7501,1.6834,320.0,10.0000,7.8489,6.2711,0.4006
744,2759.3124,3.6430,1.7571,1.6939,320.0,10.0000,0.8183,5.9363,0.3800
745,2762.9284,3.6160,1.8060,1.7458,320.0,10.0000,8.8122,5.6590,0.3593
746,2766.6123,3.6840,1.7882,1.7170,320.0,10.0000,13.9963,6.6439,0.4722
747,2770.4147,3.8024,1.8023,1.7456,320.0,10.0000,21.1855,5.3392,0.3319
748,2774.1576,3.7429,1.8388,1.7623,320.0,10.0000,20.3810,7.1285,0.5253
749,2777.8019,3.6443,1.7413,1.6810,320.0,10.0000,5.2828,5.6880,0.3492
750,2781.4979,3.6960,1.7791,1.7213,320.0,10.0000,12.5300,5.4531,0.3207
751,2785.2342,3.7363,1.7576,1.6830,320.0,10.0000,18.6456,6.9537,0.5039
752,2788.9448,3.7106,1.7596,1.6980,320.0,10.0000,1.9927,5.7832,0.3739
753,2792.5832,3.6385,1.7974,1.7413,320.0,10.0000,20.3031,5.2795,0.3237
754,2796.2439,3.6607,1.8146,1.7331,320.0,10.0000,22.2193,7.5622,0.5862
755,2799.9401,3.6962,1.7577,1.6929,320.0,10.0000,4.7801,6.0631,0.4148
756,2803.6819,3.7418,1.8658,1.8124,320.0,10.0000,36.1553,5.0762,0.2628
757,2807.4256,3.7437,1.8389,1.7594,320.0,10.0000,21.2535,7.3832,0.5611
758,2811.1365,3.7109,1.8019,1.7217,320.0,10.0000,20.8855,7.4663,0.5577
759,2814.8241,3.6876,1.7851,1.7249,320.0,10.0000,7.8729,5.7260,0.2999
760,2818.5249,3.7008,1.8738,1.8183,320.0,10.0000,21.4108,5.2980,0.2601
761,2822.2315,3.7065,1.7398,1.6747,320.0,10.0000,3.6974,6.1064,0.4041
762,2825.8791,3.6477,1.8501,1.7686,320.0,10.0000,18.0979,7.5452,0.6027
763,2829.4778,3.5987,1.7307,1.6641,320.0,10.0000,5.7779,6.2143,0.4472
764,2833.1496,3.6718,1.7940,1.7382,320.0,10.0000,20.6888,5.2962,0.2865
765,2836.7854,3.6357,1.7864,1.7273,320.0,10.0000,7.0463,5.5636,0.3479
766,2840.3980,3.6126,1.7889,1.7143,320.0,10.0000,13.4715,6.9332,0.5257
767,2844.0367,3.6387,1.8036,1.7323,320.0,10.0000,12.0961,6.6435,0.4861
768,2847.6711,3.6345,1.7754,1.7171,320.0,10.0000,9.3771,5.5063,0.3232
769,2851.3265,3.6554,1.8265,1.7696,320.0,10.0000,13.4387,5.3905,0.3020
770,2855.0905,3.7640,1.7723,1.7066,320.0,10.0000,5.0188,6.1305,0.4393
771,2858.7812,3.6907,1.8030,1.7289,320.0,10.0000,12.9620,6.8777,0.5339
772,2862.4294,3.6481,1.7422,1.6798,320.0,10.0000,1.1984,5.8293,0.4079
773,2866.0983,3.6689,1.8074,1.7506,320.0,10.0000,14.5338,5.3500,0.3317
774,2869.7953,3.6970,1.7626,1.6994,320.0,10.0000,1.0221,5.9022,0.4181
775,2873.4076,3.6124,1.7866,1.7146,320.0,10.0000,11.8358,6.6893,0.5084
776,2877.0674,3.6598,1.7311,1.6689,320.0,10.0000,1.2516,5.8143,0.4028
777,2880.7187,3.6513,1.8161,1.7596,320.0,10.0000,12.3536,5.3250,0.3263
778,2884.4335,3.7148,1.7873,1.7251,320.0,10.0000,1.2810,5.8188,0.4083
779,2888.2849,3.8514,1.7929,1.7231,320.0,10.0000,10.9646,6.4781,0.4950
780,2892.0406,3.7557,1.7498,1.6894,320.0,10.0000,2.7289,5.6435,0.3997
781,2895.8162,3.7756,1.7758,1.7191,320.0,10.0000,10.5464,5.3125,0.3577
782,2899.5186,3.7024,1.7436,1.6785,320.0,10.0000,5.8585,6.0555,0.4539
783,2903.1032,3.5846,1.7410,1.6745,320.0,10.0000,7.2093,6.1749,0.4744
784,2906.7460,3.6428,1.7529,1.6950,320.0,10.0000,7.6401,5.4067,0.3829
785,2910.4836,3.7376,1.7515,1.6914,320.0,10.0000,2.3785,5.6101,0.4037
786,2914.3045,3.8209,1.7536,1.6871,320.0,10.0000,8.1855,6.1700,0.4826
787,2918.0125,3.7080,1.7497,1.6893,320.0,10.0000,2.4535,5.6163,0.4237
788,2921.6315,3.6190,1.7286,1.6701,320.0,10.0000,7.0637,5.4447,0.4044
789,2925.3429,3.7114,1.7743,1.7079,320.0,10.0000,8.0665,6.1472,0.4968
790,2928.9419,3.5990,1.7441,1.6834,320.0,10.0000,2.2386,5.6257,0.4415
791,2932.6101,3.6682,1.7589,1.7008,320.0,10.0000,8.2903,5.4023,0.4168
792,2936.3700,3.7599,1.7498,1.6823,320.0,10.0000,9.8720,6.2370,0.5178
793,2940.1413,3.7714,1.7255,1.6661,320.0,10.0000,4.1584,5.5081,0.4323
794,2943.8283,3.6869,1.7482,1.6886,320.0,10.0000,4.0277,5.5217,0.4400
795,2947.4871,3.6589,1.7334,1.6667,320.0,10.0000,8.9300,6.1527,0.5151
796,2951.1785,3.6914,1.7443,1.6862,320.0,10.0000,8.2071,5.3908,0.4276
797,2954.8588,3.6803,1.7377,1.6738,320.0,10.0000,4.2313,5.8886,0.4979
798,2958.6466,3.7878,1.6931,1.6314,320.0,10.0000,1.0714,5.7075,0.4668
799,2962.3176,3.6711,1.7117,1.6523,320.0,10.0000,5.1996,5.5025,0.4466
800,2966.0451,3.7275,1.7078,1.6413,320.0,10.0000,8.7213,6.1172,0.5309
801,2969.7571,3.7120,1.7251,1.6677,320.0,10.0000,11.9536,5.3193,0.4248
802,2973.4526,3.6954,1.7378,1.6683,320.0,10.0000,13.0980,6.3737,0.5720
803,2977.1159,3.6633,1.7244,1.6670,320.0,10.0000,12.7513,5.3167,0.4251
804,2980.7833,3.6675,1.7455,1.6774,320.0,10.0000,10.8018,6.2470,0.5629
805,2984.4367,3.6534,1.7289,1.6699,320.0,10.0000,7.1485,5.4488,0.4529
806,2988.0957,3.6591,1.7103,1.6468,320.0,10.0000,3.5327,5.8313,0.5215
807,2991.7379,3.6422,1.7387,1.6766,320.0,10.0000,0.7121,5.6990,0.5092
808,2995.4353,3.6974,1.7156,1.6556,320.0,10.0000,4.4693,5.5151,0.4910
809,2999.2361,3.8008,1.7289,1.6624,320.0,10.0000,7.8898,6.0866,0.5665
810,3002.9792,3.7431,1.7655,1.7079,320.0,10.0000,11.4655,5.3097,0.4463
811,3006.6673,3.6881,1.7112,1.6420,320.0,10.0000,12.5913,6.3109,0.6011
812,3010.3101,3.6428,1.7330,1.6756,320.0,10.0000,10.9802,5.3051,0.4345
813,3013.9700,3.6599,1.7349,1.6687,320.0,10.0000,8.3532,6.0527,0.5719
814,3017.6750,3.7050,1.7362,1.6757,320.0,10.0000,3.4635,5.5498,0.5056
815,3021.3291,3.6541,1.7169,1.6547,320.0,10.0000,0.9319,5.6874,0.5316
816,3025.0002,3.6711,1.6807,1.6162,320.0,10.0000,3.9615,5.8773,0.5727
817,3028.6838,3.6836,1.7286,1.6701,320.0,10.0000,10.1250,5.3672,0.4847
818,3032.3521,3.6683,1.7305,1.6591,320.0,10.0000,15.3250,6.4831,0.6564
819,3036.0788,3.7267,1.7522,1.6964,320.0,10.0000,20.4866,5.1731,0.4108
820,3039.8000,3.7212,1.7207,1.6447,320.0,10.0000,20.9206,6.8950,0.7012
821,3043.4977,3.6977,1.7199,1.6628,320.0,10.0000,11.4084,5.2875,0.4298
822,3047.2011,3.7034,1.6882,1.6265,320.0,10.0000,1.4461,5.6443,0.5297
823,3050.9005,3.6994,1.7203,1.6513,320.0,10.0000,11.3376,6.2556,0.6422
824,3054.6329,3.7324,1.7329,1.6772,320.0,10.0000,22.2659,5.1293,0.4426
825,3058.3672,3.7343,1.7747,1.6938,320.0,10.0000,22.6629,7.3041,0.7867
826,3062.1059,3.7386,1.6862,1.6289,320.0,10.0000,10.5370,5.2861,0.4470
827,3065.7586,3.6527,1.7400,1.6822,320.0,10.0000,8.0711,5.3223,0.4547
828,3069.4082,3.6496,1.7349,1.6597,320.0,10.0000,18.8261,6.8094,0.7146
829,3073.0732,3.6649,1.7195,1.6616,320.0,10.0000,7.5105,5.3109,0.4833
830,3076.8015,3.7283,1.7030,1.6457,320.0,10.0000,10.3769,5.2446,0.4856
831,3080.4358,3.6344,1.7118,1.6367,320.0,10.0000,16.2356,6.7811,0.7304
832,3084.0888,3.6530,1.7138,1.6547,320.0,10.0000,7.4359,5.3820,0.5197
833,3087.7392,3.6504,1.7017,1.6436,320.0,10.0000,10.1434,5.3175,0.4884
834,3091.4017,3.6625,1.7252,1.6518,320.0,10.0000,15.8303,6.6299,0.7134
835,3095.0993,3.6976,1.6575,1.5982,320.0,10.0000,5.0416,5.4187,0.5093
836,3098.8488,3.7495,1.7200,1.6623,320.0,10.0000,9.7208,5.2891,0.4781
837,3102.6747,3.8259,1.6993,1.6269,320.0,10.0000,14.8478,6.5333,0.7122
838,3106.3993,3.7246,1.6770,1.6175,320.0,10.0000,5.9996,5.4208,0.5347
839,3110.0497,3.6504,1.7090,1.6503,320.0,10.0000,8.7755,5.3486,0.5229
840,3113.7020,3.6523,1.6509,1.5802,320.0,10.0000,12.6359,6.3645,0.7043
841,3117.3585,3.6565,1.6711,1.6127,320.0,10.0000,8.2113,5.3222,0.5202
842,3121.0129,3.6544,1.6570,1.5962,320.0,10.0000,1.9258,5.5125,0.5621
843,3124.6476,3.6347,1.6802,1.6129,320.0,10.0000,9.3421,6.0734,0.6612
844,3128.3506,3.7030,1.6995,1.6416,320.0,10.0000,9.0045,5.2788,0.5074
845,3132.1835,3.8329,1.6729,1.6093,320.0,10.0000,3.9684,5.7470,0.6130
846,3135.9016,3.7181,1.6533,1.5897,320.0,10.0000,2.9742,5.7339,0.6213
847,3139.5909,3.6893,1.6981,1.6397,320.0,10.0000,9.0328,5.2968,0.5383
848,3143.2780,3.6871,1.6983,1.6287,320.0,10.0000,12.8265,6.2683,0.6957
849,3147.0236,3.7456,1.6637,1.6064,320.0,10.0000,13.4626,5.2187,0.5029
850,3150.7568,3.7332,1.7036,1.6337,320.0,10.0000,12.7451,6.2720,0.7142
851,3154.3787,3.6219,1.6750,1.6163,320.0,10.0000,8.5661,5.3276,0.5439
852,3158.0100,3.6313,1.6902,1.6255,320.0,10.0000,5.2335,5.8143,0.6519
853,3161.7006,3.6906,1.7017,1.6409,320.0,10.0000,3.4382,5.4670,0.6112
854,3165.4099,3.7093,1.6286,1.5669,320.0,10.0000,2.1127,5.5501,0.6198
855,3169.1135,3.7036,1.6486,1.5836,320.0,10.0000,5.5761,5.8278,0.6713
856,3172.8896,3.7760,1.7386,1.6811,320.0,10.0000,12.7019,5.2132,0.5359
857,3176.6122,3.7226,1.6885,1.6144,320.0,10.0000,19.0748,6.6237,0.7864
858,3180.2367,3.6245,1.7676,1.7130,320.0,10.0000,23.8275,5.0062,0.4606
859,3183.8647,3.6281,1.7192,1.6401,320.0,10.0000,24.2424,7.0685,0.8380
860,3187.5145,3.6497,1.6556,1.5989,320.0,10.0000,12.4156,5.1745,0.4958
861,3191.2342,3.7197,1.6674,1.6058,320.0,10.0000,1.2937,5.5482,0.6108
862,3195.0687,3.8346,1.6819,1.6125,320.0,10.0000,12.1499,6.1982,0.7407
863,3198.7805,3.7117,1.7192,1.6636,320.0,10.0000,20.6037,5.0574,0.5106
864,3202.5040,3.7235,1.7120,1.6383,320.0,10.0000,17.3413,6.5556,0.8071
865,3206.1959,3.6919,1.6619,1.6025,320.0,10.0000,5.1271,5.3629,0.5697
866,3209.9900,3.7941,1.6546,1.5963,320.0,10.0000,8.8107,5.2998,0.5358
867,3213.6410,3.6510,1.7112,1.6390,320.0,10.0000,14.8784,6.4334,0.7933
868,3217.3344,3.6934,1.6475,1.5887,320.0,10.0000,7.6967,5.2923,0.5913
869,3220.9746,3.6402,1.6439,1.5845,320.0,10.0000,6.7631,5.3315,0.6076
870,3224.6315,3.6569,1.6779,1.6067,320.0,10.0000,13.5314,6.3173,0.8026
871,3228.3745,3.7430,1.6790,1.6211,320.0,10.0000,12.8055,5.2449,0.5504
872,3232.1236,3.7491,1.6822,1.6194,320.0,10.0000,2.6556,5.6147,0.6662
873,3235.8236,3.7000,1.6618,1.5947,320.0,10.0000,10.5101,5.9729,0.7333
874,3239.5416,3.7180,1.6916,1.6353,320.0,10.0000,15.7429,5.1081,0.5228
875,3243.2514,3.7098,1.6574,1.5878,320.0,10.0000,12.7303,6.1771,0.7782
876,3246.8931,3.6417,1.6545,1.5936,320.0,10.0000,2.1682,5.4524,0.6389
877,3250.5404,3.6473,1.6106,1.5526,320.0,10.0000,10.9260,5.2176,0.5782
878,3254.2022,3.6618,1.7141,1.6402,320.0,10.0000,17.5488,6.5364,0.8523
879,3257.8756,3.6734,1.6308,1.5746,320.0,10.0000,17.0857,5.0875,0.5350
880,3261.6050,3.7294,1.6394,1.5725,320.0,10.0000,8.9903,5.9440,0.7442
881,3265.3066,3.7016,1.6381,1.5743,320.0,10.0000,4.6487,5.6964,0.6839
882,3269.0322,3.7256,1.6518,1.5944,320.0,10.0000,13.1570,5.1833,0.5604
883,3272.7452,3.7130,1.6716,1.5992,320.0,10.0000,15.6390,6.3956,0.8445
884,3276.5051,3.7599,1.6559,1.5984,320.0,10.0000,13.1491,5.1423,0.6070
885,3280.2078,3.7027,1.6656,1.6013,320.0,10.0000,4.6343,5.6835,0.7492
886,3283.9122,3.7044,1.6184,1.5554,320.0,10.0000,2.7343,5.5791,0.7138
887,3287.6105,3.6983,1.6188,1.5602,320.0,10.0000,8.1621,5.2416,0.6112
888,3291.2866,3.6761,1.6285,1.5593,320.0,10.0000,12.7917,6.1003,0.8276
889,3294.9308,3.6442,1.6596,1.6023,320.0,10.0000,13.1244,5.1332,0.5948
890,3298.6409,3.7101,1.6304,1.5624,320.0,10.0000,11.2853,5.9868,0.8128
891,3302.2692,3.6283,1.6390,1.5805,320.0,10.0000,8.7496,5.2174,0.6359
892,3305.8959,3.6267,1.6373,1.5722,320.0,10.0000,6.5940,5.7325,0.7780
893,3309.5164,3.6205,1.6064,1.5462,320.0,10.0000,4.8122,5.3398,0.6829
894,3313.1421,3.6257,1.6265,1.5627,320.0,10.0000,3.8532,5.6161,0.7687
895,3316.7967,3.6546,1.6264,1.5657,320.0,10.0000,3.9959,5.3524,0.7161
896,3320.4896,3.6930,1.6235,1.5598,320.0,10.0000,4.3959,5.5975,0.7732
897,3324.1630,3.6734,1.6201,1.5615,320.0,10.0000,10.9488,5.2050,0.6584
898,3327.8610,3.6980,1.6613,1.5861,320.0,10.0000,21.2534,6.5668,0.9512
899,3331.5845,3.7235,1.7415,1.6863,320.0,10.0000,33.6708,5.0542,0.4621
